disease_id,hpo_disease_id,gene_symbol,ncbi_gene_id,association_type,used_for_scoring,source,hpo_release_tag
MONDO:0014113,OMIM:615279,MAP2K1,NCBIGene:5604,MENDELIAN,true,ftp://ftp.ncbi.nlm.nih.gov/gene/DATA/mim2gene_medgen,v2026-09-01
MONDO:0011963,OMIM:608091,TMEM216,NCBIGene:51259,MENDELIAN,true,ftp://ftp.ncbi.nlm.nih.gov/gene/DATA/mim2gene_medgen,v2026-09-01
MONDO:0008944,OMIM:213300,INPP5E,NCBIGene:56623,MENDELIAN,true,ftp://ftp.ncbi.nlm.nih.gov/gene/DATA/mim2gene_medgen,v2026-09-01
MONDO:0012690,OMIM:611553,RAF1,NCBIGene:5894,MENDELIAN,true,ftp://ftp.ncbi.nlm.nih.gov/gene/DATA/mim2gene_medgen,v2026-09-01
MONDO:0008763,OMIM:203800,ALMS1,NCBIGene:7840,MENDELIAN,true,ftp://ftp.ncbi.nlm.nih.gov/gene/DATA/mim2gene_medgen,v2026-09-01
MONDO:0009026,OMIM:218040,HRAS,NCBIGene:3265,MENDELIAN,true,ftp://ftp.ncbi.nlm.nih.gov/gene/DATA/mim2gene_medgen,v2026-09-01
MONDO:0009267,OMIM:231000,GBA1,NCBIGene:2629,MENDELIAN,true,ftp://ftp.ncbi.nlm.nih.gov/gene/DATA/mim2gene_medgen,v2026-09-01
MONDO:0010079,OMIM:271900,ASPA,NCBIGene:443,MENDELIAN,true,ftp://ftp.ncbi.nlm.nih.gov/gene/DATA/mim2gene_medgen,v2026-09-01
MONDO:0012669,OMIM:611431,SPRED1,NCBIGene:161742,MENDELIAN,true,ftp://ftp.ncbi.nlm.nih.gov/gene/DATA/mim2gene_medgen,v2026-09-01
MONDO:0012432,OMIM:610188,CEP290,NCBIGene:80184,MENDELIAN,true,ftp://ftp.ncbi.nlm.nih.gov/gene/DATA/mim2gene_medgen,v2026-09-01
MONDO:0012433,OMIM:610189,CEP290,NCBIGene:80184,MENDELIAN,true,ftp://ftp.ncbi.nlm.nih.gov/gene/DATA/mim2gene_medgen,v2026-09-01
MONDO:0009738,OMIM:256550,NEU1,NCBIGene:4758,MENDELIAN,true,ftp://ftp.ncbi.nlm.nih.gov/gene/DATA/mim2gene_medgen,v2026-09-01
MONDO:0009737,OMIM:256540,CTSA,NCBIGene:5476,MENDELIAN,true,ftp://ftp.ncbi.nlm.nih.gov/gene/DATA/mim2gene_medgen,v2026-09-01
MONDO:0008300,OMIM:176270,-,NCBIGene:10108,MENDELIAN,false,ftp://ftp.ncbi.nlm.nih.gov/gene/DATA/mim2gene_medgen,v2026-09-01
MONDO:0008300,OMIM:176270,PWRN1,NCBIGene:791114,MENDELIAN,false,ftp://ftp.ncbi.nlm.nih.gov/gene/DATA/mim2gene_medgen,v2026-09-01
MONDO:0008300,OMIM:176270,NPAP1,NCBIGene:23742,MENDELIAN,false,ftp://ftp.ncbi.nlm.nih.gov/gene/DATA/mim2gene_medgen,v2026-09-01
MONDO:0008300,OMIM:176270,SNORD115-1,NCBIGene:338433,MENDELIAN,false,ftp://ftp.ncbi.nlm.nih.gov/gene/DATA/mim2gene_medgen,v2026-09-01
MONDO:0008300,OMIM:176270,-,NCBIGene:3653,MENDELIAN,false,ftp://ftp.ncbi.nlm.nih.gov/gene/DATA/mim2gene_medgen,v2026-09-01
MONDO:0008300,OMIM:176270,PWAR1,NCBIGene:145624,MENDELIAN,false,ftp://ftp.ncbi.nlm.nih.gov/gene/DATA/mim2gene_medgen,v2026-09-01
MONDO:0008300,OMIM:176270,MKRN3,NCBIGene:7681,MENDELIAN,false,ftp://ftp.ncbi.nlm.nih.gov/gene/DATA/mim2gene_medgen,v2026-09-01
MONDO:0008300,OMIM:176270,HERC2,NCBIGene:8924,MENDELIAN,false,ftp://ftp.ncbi.nlm.nih.gov/gene/DATA/mim2gene_medgen,v2026-09-01
MONDO:0008300,OMIM:176270,SNORD116-1,NCBIGene:100033413,MENDELIAN,false,ftp://ftp.ncbi.nlm.nih.gov/gene/DATA/mim2gene_medgen,v2026-09-01
MONDO:0008300,OMIM:176270,MAGEL2,NCBIGene:54551,MENDELIAN,false,ftp://ftp.ncbi.nlm.nih.gov/gene/DATA/mim2gene_medgen,v2026-09-01
MONDO:0010006,OMIM:268800,HEXB,NCBIGene:3074,MENDELIAN,true,ftp://ftp.ncbi.nlm.nih.gov/gene/DATA/mim2gene_medgen,v2026-09-01
MONDO:0012547,OMIM:610733,SOS1,NCBIGene:6654,MENDELIAN,true,ftp://ftp.ncbi.nlm.nih.gov/gene/DATA/mim2gene_medgen,v2026-09-01
MONDO:0009260,OMIM:230500,GLB1,NCBIGene:2720,MENDELIAN,true,ftp://ftp.ncbi.nlm.nih.gov/gene/DATA/mim2gene_medgen,v2026-09-01
MONDO:0009660,OMIM:253010,GLB1,NCBIGene:2720,MENDELIAN,true,ftp://ftp.ncbi.nlm.nih.gov/gene/DATA/mim2gene_medgen,v2026-09-01
MONDO:0100082,OMIM:151100,PTPN11,NCBIGene:5781,MENDELIAN,true,ftp://ftp.ncbi.nlm.nih.gov/gene/DATA/mim2gene_medgen,v2026-09-01
MONDO:0009218,OMIM:228000,ASAH1,NCBIGene:427,MENDELIAN,true,ftp://ftp.ncbi.nlm.nih.gov/gene/DATA/mim2gene_medgen,v2026-09-01
MONDO:0009659,OMIM:253000,GALNS,NCBIGene:2588,MENDELIAN,true,ftp://ftp.ncbi.nlm.nih.gov/gene/DATA/mim2gene_medgen,v2026-09-01
MONDO:0009261,OMIM:230600,GLB1,NCBIGene:2720,MENDELIAN,true,ftp://ftp.ncbi.nlm.nih.gov/gene/DATA/mim2gene_medgen,v2026-09-01
MONDO:0009262,OMIM:230650,GLB1,NCBIGene:2720,MENDELIAN,true,ftp://ftp.ncbi.nlm.nih.gov/gene/DATA/mim2gene_medgen,v2026-09-01
MONDO:0014432,OMIM:615981,BBS2,NCBIGene:583,MENDELIAN,true,ftp://ftp.ncbi.nlm.nih.gov/gene/DATA/mim2gene_medgen,v2026-09-01
MONDO:0014438,OMIM:615987,BBS10,NCBIGene:79738,MENDELIAN,true,ftp://ftp.ncbi.nlm.nih.gov/gene/DATA/mim2gene_medgen,v2026-09-01
MONDO:0009266,OMIM:230900,GBA1,NCBIGene:2629,MENDELIAN,true,ftp://ftp.ncbi.nlm.nih.gov/gene/DATA/mim2gene_medgen,v2026-09-01
MONDO:0010099,OMIM:272750,GM2A,NCBIGene:2760,MENDELIAN,true,ftp://ftp.ncbi.nlm.nih.gov/gene/DATA/mim2gene_medgen,v2026-09-01
MONDO:0009265,OMIM:230800,GBA1,NCBIGene:2629,MENDELIAN,true,ftp://ftp.ncbi.nlm.nih.gov/gene/DATA/mim2gene_medgen,v2026-09-01
MONDO:0010526,OMIM:301500,GLA,NCBIGene:2717,MENDELIAN,true,ftp://ftp.ncbi.nlm.nih.gov/gene/DATA/mim2gene_medgen,v2026-09-01
MONDO:0018975,OMIM:162200,NF1,NCBIGene:4763,MENDELIAN,true,ftp://ftp.ncbi.nlm.nih.gov/gene/DATA/mim2gene_medgen,v2026-09-01
MONDO:0012371,OMIM:609942,KRAS,NCBIGene:3845,MENDELIAN,true,ftp://ftp.ncbi.nlm.nih.gov/gene/DATA/mim2gene_medgen,v2026-09-01
MONDO:0009757,OMIM:257220,NPC1,NCBIGene:4864,MENDELIAN,true,ftp://ftp.ncbi.nlm.nih.gov/gene/DATA/mim2gene_medgen,v2026-09-01
MONDO:0010100,OMIM:272800,HEXA,NCBIGene:3073,MENDELIAN,true,ftp://ftp.ncbi.nlm.nih.gov/gene/DATA/mim2gene_medgen,v2026-09-01
MONDO:0009756,OMIM:257200,SMPD1,NCBIGene:6609,MENDELIAN,true,ftp://ftp.ncbi.nlm.nih.gov/gene/DATA/mim2gene_medgen,v2026-09-01
MONDO:0012626,OMIM:611134,CEP290,NCBIGene:80184,MENDELIAN,true,ftp://ftp.ncbi.nlm.nih.gov/gene/DATA/mim2gene_medgen,v2026-09-01
MONDO:0009499,OMIM:245200,GALC,NCBIGene:2581,MENDELIAN,true,ftp://ftp.ncbi.nlm.nih.gov/gene/DATA/mim2gene_medgen,v2026-09-01
MONDO:0008854,OMIM:209900,CCDC28B,NCBIGene:79140,POLYGENIC,false,ftp://ftp.ncbi.nlm.nih.gov/gene/DATA/mim2gene_medgen,v2026-09-01
MONDO:0008854,OMIM:209900,BBS1,NCBIGene:582,MENDELIAN,true,ftp://ftp.ncbi.nlm.nih.gov/gene/DATA/mim2gene_medgen,v2026-09-01
MONDO:0008854,OMIM:209900,ARL6,NCBIGene:84100,POLYGENIC,false,ftp://ftp.ncbi.nlm.nih.gov/gene/DATA/mim2gene_medgen,v2026-09-01
MONDO:0009591,OMIM:250100,ARSA,NCBIGene:410,MENDELIAN,true,ftp://ftp.ncbi.nlm.nih.gov/gene/DATA/mim2gene_medgen,v2026-09-01
MONDO:0013379,OMIM:613706,BRAF,NCBIGene:673,MENDELIAN,true,ftp://ftp.ncbi.nlm.nih.gov/gene/DATA/mim2gene_medgen,v2026-09-01
MONDO:0010589,OMIM:305400,FGD1,NCBIGene:2245,MENDELIAN,true,ftp://ftp.ncbi.nlm.nih.gov/gene/DATA/mim2gene_medgen,v2026-09-01
MONDO:0009571,OMIM:249000,MKS1,NCBIGene:54903,MENDELIAN,true,ftp://ftp.ncbi.nlm.nih.gov/gene/DATA/mim2gene_medgen,v2026-09-01
MONDO:0009728,OMIM:256100,NPHP1,NCBIGene:4867,MENDELIAN,true,ftp://ftp.ncbi.nlm.nih.gov/gene/DATA/mim2gene_medgen,v2026-09-01
MONDO:0008104,OMIM:163950,PTPN11,NCBIGene:5781,MENDELIAN,true,ftp://ftp.ncbi.nlm.nih.gov/gene/DATA/mim2gene_medgen,v2026-09-01
MONDO:0008104,OMIM:163950,BRAF,NCBIGene:673,MENDELIAN,false,ftp://ftp.ncbi.nlm.nih.gov/gene/DATA/mim2gene_medgen,v2026-09-01
MONDO:0008104,OMIM:163950,MAP2K1,NCBIGene:5604,MENDELIAN,false,ftp://ftp.ncbi.nlm.nih.gov/gene/DATA/mim2gene_medgen,v2026-09-01
