disease_id,label,hpo_disease_id,hpo_disease_name,family,panel_role,panel_rationale,curated_genes,synonyms,xrefs,mondo_release_tag,hpo_release_tag,retrieved_at
MONDO:0009260,GM1 gangliosidosis type 1,OMIM:230500,"GM1-gangliosidosis, type I",lysosomal storage,start,GM1 gangliosidosis type 1 (infantile),,"Beta galactosidase deficiency type 1; GLB deficiency type 1; Norman-Landing disease; gangliosidosis generalised GM1 infantile form; gangliosidosis generalised GM1 type 1; gangliosidosis generalized GM1 infantile form; gangliosidosis generalized GM1 type 1; gangliosidosis, generalised GM1, infantile form; gangliosidosis, generalised GM1, type 1; gangliosidosis, generalised GM1, type I, with Cardiac involvement; infantile GM1 gangliosidosis",DOID:0080502; GARD:0006479; MEDGEN:75665; NANDO:1200067; NANDO:2201196; OMIM:230500; Orphanet:79255; SCTID:238026007; UMLS:C0268271; icd11.foundation:466200180,v2026-09-01,v2026-09-01,2026-10-05T00:21:15.350334Z
MONDO:0009261,GM1 gangliosidosis type 2,OMIM:230600,"GM1-gangliosidosis, type II",lysosomal storage,start,GM1 gangliosidosis type 2 (late-infantile/juvenile),,"gangliosidosis generalised GM1 juvenile type; gangliosidosis generalised GM1 type 2; gangliosidosis generalized GM1 juvenile type; gangliosidosis generalized GM1 type 2; gangliosidosis, generalised GM1, juvenile type; gangliosidosis, generalised GM1, late-infantile type; gangliosidosis, generalised GM1, type 2; juvenile GM1 gangliosidosis; late-infantile GM1 gangliosidosis",DOID:0080501; GARD:0010126; MEDGEN:120625; NANDO:1200068; NANDO:2201197; OMIM:230600; Orphanet:79256; SCTID:18756002; UMLS:C0268272; icd11.foundation:1132250614,v2026-09-01,v2026-09-01,2026-10-05T00:21:15.350334Z
MONDO:0009262,GM1 gangliosidosis type 3,OMIM:230650,"GM1-gangliosidosis, type III",lysosomal storage,start,GM1 gangliosidosis type 3 (adult),,"Beta-galactosidase deficiency type 3; adult GM1 gangliosidosis; adult-onset GM1 gangliosidosis; gangliosidosis GM1 type 3; gangliosidosis generalised GM1 chronic type; gangliosidosis generalized GM1 chronic type; gangliosidosis, generalised GM1, adult type; gangliosidosis, generalised GM1, chronic type; gangliosidosis, generalised GM1, type 3",DOID:0080489; GARD:0002431; MEDGEN:78655; NANDO:1200069; NANDO:2201198; OMIM:230650; Orphanet:79257; SCTID:238027003; UMLS:C0268273; icd11.foundation:1331496842,v2026-09-01,v2026-09-01,2026-10-05T00:21:15.350334Z
MONDO:0009660,mucopolysaccharidosis type 4B,OMIM:253010,Mucopolysaccharidosis type IVB (Morquio),lysosomal storage,same_gene_contrast,Same gene as GM1 (GLB1) but a skeletal mucopolysaccharidosis presentation,,Beta-D-galactosidase deficiency; MPS 4B; MPS IV B; MPS IVB; MPS4B; MPSIVB; Morquio disease type B; Morquio syndrome B; mucopolysaccharidosis type IVB,DOID:0111392; GARD:0003786; ICD10CM:E76.211; MEDGEN:43376; NANDO:1200107; NANDO:2201179; NCIT:C84902; OMIM:253010; Orphanet:309310; SCTID:238044004; UMLS:C0086652; icd11.foundation:1479415032,v2026-09-01,v2026-09-01,2026-10-05T00:21:15.350334Z
MONDO:0009659,mucopolysaccharidosis type 4A,OMIM:253000,Mucopolysaccharidosis IVA,lysosomal storage,mechanism_neighbor,"Morquio A (GALNS): different gene, same keratan-sulfate degradation route as Morquio B",,"GALNS deficiency; MPS IV A; MPS IVA; MPS4A; MPSIVA; Morquio A disease; Morquio disease type A; Morquio syndrome A; N-acetylgalactosamine-6-sulfate sulfatase deficiency; galactosamine-6-sulfatase deficiency; mucopolysaccharidosis type 4A; mucopolysaccharidosis type IVA; mucopolysaccharidosis, type IVA",DOID:0111391; GARD:0003785; ICD10CM:E76.210; MEDGEN:43375; NANDO:1200106; NANDO:2201178; NCIT:C84901; OMIM:253000; Orphanet:309297; SCTID:7259005; UMLS:C0086651; icd11.foundation:1919173641,v2026-09-01,v2026-09-01,2026-10-05T00:21:15.350334Z
MONDO:0009737,galactosialidosis,OMIM:256540,Galactosialidosis,lysosomal storage,mechanism_neighbor,CTSA protects GLB1 and NEU1 in a lysosomal complex; secondary GLB1 deficiency,,GSL; Goldberg syndrome; cathepsin A deficiency of; galactosialidosis; lysosomal protective protein deficiency of; neuraminidase deficiency with beta-galactosidase deficiency,DOID:0080540; GARD:0003953; ICD9:277.6; MEDGEN:82779; MESH:C536411; NANDO:1200119; NANDO:2200557; NCIT:C129928; OMIM:256540; Orphanet:351; SCTID:35691006; UMLS:C0268233; icd11.foundation:1838660035,v2026-09-01,v2026-09-01,2026-10-05T00:21:15.350334Z
MONDO:0009738,sialidosis type 2,OMIM:256550,Neuraminidase deficiency,lysosomal storage,mechanism_neighbor,NEU1 deficiency; NEU1 belongs to the same lysosomal multienzyme complex,,"ML1; NEU 1 deficiency; NEU1 sialidosis; dysmorphic sialidosis; dysmorphic sialidosis with renal involvement; infantile dysmorphic sialidosis; mucolipidosis I; mucolipidosis type 1; nephrosialidosis; sialidosis; sialidosis caused by mutation in NEU1; sialidosis type II; sialidosis, type 2; sialidosis, type I; sialidosis, type II",DOID:3343; GARD:0007183; MEDGEN:924303; MESH:C562606; NANDO:1200118; NANDO:1200120; NANDO:2201192; NANDO:2201193; NCIT:C125596; OMIM:256150; OMIM:256550; Orphanet:87876; SCTID:52186006; SCTID:81896006; UMLS:C4282398; icd11.foundation:1855856697,v2026-09-01,v2026-09-01,2026-10-05T00:21:15.350334Z
MONDO:0010100,Tay-Sachs disease,OMIM:272800,Tay-Sachs disease,lysosomal storage,positive_neighbor,GM2 gangliosidosis (HEXA),,"B variant GM2 gangliosidosis; GM2 gangliosidosis, B, B1 variant; GM2 gangliosidosis, type 1; GM2-gangliosidosis, several forms; Hex A pseudodeficiency; TSD; Tay Sachs Disease; Tay-Sachs disease; disease, Tay-Sachs; gangliosidosis GM2, type 1; hexosaminidase A deficiency; hexosaminidase alpha-subunit deficiency (variant B); sphingolipidosis, Tay-Sachs",DOID:3320; GARD:0007737; ICD10CM:E75.02; MEDGEN:11713; MESH:D013661; MedDRA:10043147; NANDO:1200071; NANDO:2201199; NCIT:C85184; NORD:1761; OMIM:272800; Orphanet:845; SCTID:111385000; SCTID:49562005; UMLS:C0039373; icd11.foundation:215008783,v2026-09-01,v2026-09-01,2026-10-05T00:21:15.350334Z
MONDO:0010006,Sandhoff disease,OMIM:268800,Sandhoff disease,lysosomal storage,positive_neighbor,GM2 gangliosidosis (HEXB),,"GM2 gangliosidosis 0 variant; GM2 gangliosidosis, 0 variant; Hexosaminidases A and B deficiency; Sandhoff Jatzkewitz disease; Sandhoff disease",DOID:3323; GARD:0002521; ICD10CM:E75.01; MEDGEN:11313; MESH:D012497; NANDO:1200072; NANDO:2201200; NCIT:C85052; NORD:1688; OMIM:268800; Orphanet:796; SCTID:23849003; UMLS:C0036161; icd11.foundation:708581915,v2026-09-01,v2026-09-01,2026-10-05T00:21:15.350334Z
MONDO:0010099,Tay-Sachs disease AB variant,OMIM:272750,"GM2-gangliosidosis, AB variant",lysosomal storage,positive_neighbor,"GM2 activator deficiency, AB variant (GM2A)",,hexosaminidase activator deficiency,DOID:4795; GARD:0017406; MEDGEN:78657; MESH:D049290; NANDO:1200073; NANDO:2201201; NCIT:C133084; OMIM:272750; Orphanet:309246; SCTID:71253000; UMLS:C0268275,v2026-09-01,v2026-09-01,2026-10-05T00:21:15.350334Z
MONDO:0009265,Gaucher disease type I,OMIM:230800,"Gaucher disease, type I",lysosomal storage,lysosomal_context,Gaucher type I (GBA1),,"Gaucher disease type I; Gaucher disease, noncerebral juvenile; Gaucher's disease type I; Gba deficiency; acid Beta-glucosidase deficiency; non-cerebral juvenile Gaucher disease",DOID:0110957; GARD:0002441; MEDGEN:409531; NANDO:1200057; NANDO:2201210; OMIM:230800; Orphanet:77259; SCTID:62201009; UMLS:C1961835,v2026-09-01,v2026-09-01,2026-10-05T00:21:15.350334Z
MONDO:0009266,Gaucher disease type II,OMIM:230900,"Gaucher disease, type II",lysosomal storage,resource_counterexample,"Gaucher type II: shares a natural-history study with GM1/GM2, but a different enzyme",,"Gaucher disease type II; Gaucher disease, acute neuronopathic type; Gaucher disease, infantile cerebral; Gaucher's disease type II; acute neuronopathic Gaucher disease; infantile cerebral Gaucher disease",DOID:0110958; GARD:0002442; MEDGEN:78652; NANDO:1200058; NANDO:2201211; OMIM:230900; Orphanet:77260; SCTID:12246008; UMLS:C0268250,v2026-09-01,v2026-09-01,2026-10-05T00:21:15.350334Z
MONDO:0009267,Gaucher disease type III,OMIM:231000,"Gaucher disease, type III",lysosomal storage,lysosomal_context,Gaucher type III (GBA1),,"Gaucher disease type III; Gaucher disease, Subacute neuronopathic type; Gaucher disease, chronic neuronopathic type; Gaucher disease, juvenile and adult, cerebral; Gaucher disease, subacute neuronopathic type; Gaucher's disease type III; cerebral juvenile and adult form of Gaucher disease; chronic neuronopathic Gaucher disease",DOID:0110959; GARD:0002443; MEDGEN:78653; NANDO:1200059; NANDO:2201212; OMIM:231000; Orphanet:77261; SCTID:5963005; UMLS:C0268251,v2026-09-01,v2026-09-01,2026-10-05T00:21:15.350334Z
MONDO:0009756,Niemann-Pick disease type A,OMIM:257200,"Niemann-Pick disease, type A",lysosomal storage,lysosomal_context,Niemann-Pick type A (SMPD1),,,DOID:0070111; GARD:0007206; ICD10CM:E75.240; MEDGEN:78650; MESH:D052536; NANDO:1200061; NANDO:2201206; NCIT:C126561; OMIM:257200; Orphanet:77292; SCTID:52165006; UMLS:C0268242; icd11.foundation:530611243,v2026-09-01,v2026-09-01,2026-10-05T00:21:15.350334Z
MONDO:0009757,"Niemann-Pick disease, type C1",OMIM:257220,"Niemann-pick disease, type C1",lysosomal storage,lysosomal_context,Niemann-Pick type C1 (NPC1),,"NPC1; Niemann-Pick disease type C1; Niemann-Pick disease, type C1; type C1 Niemann-Pick disease",DOID:0070113; GARD:0024693; MEDGEN:465922; NCIT:C126864; OMIM:257220; SCTID:18927009; SCTID:67855008; UMLS:C3179455,v2026-09-01,v2026-09-01,2026-10-05T00:21:15.350334Z
MONDO:0009499,Krabbe disease,OMIM:245200,Krabbe disease,lysosomal storage,lysosomal_context,Krabbe disease (GALC),,"GALC deficiency; GALC enzyme deficiency; GLD; Krabbe disease; Krabbe leukodystrophy; Krabbe's leukodystrophy; Leukodystrophy, Krabbe's; diffuse globoid body sclerosis; galactocerebrosidase deficiency; galactosylceramidase deficiency; galactosylceramide lipidosis; globoid cell leukodystrophy; globoid cell leukoencephalopathy; later onset Krabbe disease; later-onset Krabbe disease",DOID:10587; GARD:0006844; ICD10CM:E75.23; MEDGEN:44131; MESH:D007965; MedDRA:10023492; NANDO:1200074; NANDO:2200564; NCIT:C61254; NORD:1368; OMIM:245200; Orphanet:487; SCTID:189979005; SCTID:192782005; UMLS:C0023521; icd11.foundation:796317173,v2026-09-01,v2026-09-01,2026-10-05T00:21:15.350334Z
MONDO:0009591,"metachromatic leukodystrophy, juvenile form",OMIM:250100,Metachromatic leukodystrophy,lysosomal storage,lysosomal_context,Metachromatic leukodystrophy (ARSA),,"ARSA deficiency; MLD; MLD, juvenile form; arylsulfatase A deficiency; arylsulfatase A deficiency, juvenile form; cerebral sclerosis diffuse metachromatic form; cerebroside sulfatase deficiency; leukodystrophy metachromatic; metachromatic leukodystrophy, juvenile form; metachromatic leukoencephalopathy; sulfatide lipidosis",GARD:0021329; MEDGEN:155528; NANDO:1200080; NANDO:2201203; OMIM:250100; Orphanet:309263; SCTID:44359008; UMLS:C0751276,v2026-09-01,v2026-09-01,2026-10-05T00:21:15.350334Z
MONDO:0010526,Fabry disease,OMIM:301500,Fabry disease,lysosomal storage,lysosomal_context,Fabry disease (GLA),,"Alpha-galactosidase A deficiency; Anderson-Fabry disease; FD; Fabry disease; Fabry's disease; Fd; angiokeratoma corporis diffusum; angiokeratoma, diffuse; diffuse angiokeratoma",DOID:14499; GARD:0006400; MEDGEN:8083; MESH:D000795; MedDRA:10016016; NANDO:1200157; NANDO:2200563; NCIT:C84701; NORD:1115; OMIM:301500; Orphanet:324; SCTID:16652001; UMLS:C0002986; icd11.foundation:66996647,v2026-09-01,v2026-09-01,2026-10-05T00:21:15.350334Z
MONDO:0009218,Farber lipogranulomatosis,OMIM:228000,Farber lipogranulomatosis,lysosomal storage,lysosomal_context,Farber lipogranulomatosis (ASAH1),,FRBRL; Farber disease; Farber lipogranulomatosis; Farber's disease; N-LAURYLSPHINGOSINE deacylase deficiency; acid ceramidase deficiency,DOID:0050464; GARD:0006426; ICD9:272.8; MEDGEN:78654; MESH:D055577; NANDO:1200086; NANDO:2200565; NCIT:C84710; OMIM:228000; Orphanet:333; SCTID:79935000; UMLS:C0268255,v2026-09-01,v2026-09-01,2026-10-05T00:21:15.350334Z
MONDO:0010079,Canavan disease,OMIM:271900,Canavan disease,lysosomal storage,phenocopy_counterexample,Canavan disease (ASPA): an infantile white-matter disease that is not lysosomal; look-alike for Krabbe,,ACY2 deficiency; Canavan disease; Canavan-VAN Bogaert-Bertrand disease; Von Bogaert-Bertrand disease; aminoacylase 2 deficiency; aspartoacylase deficiency; spongy degeneration of central nervous system; spongy degeneration of the brain; spongy degeneration of the central nervous system,DOID:3613; GARD:0005984; MEDGEN:61565; MESH:D017825; MedDRA:10067608; NANDO:1200948; NANDO:2200834; NCIT:C84611; NORD:886; OMIM:271900; Orphanet:141; SCTID:80544005; UMLS:C0206307; icd11.foundation:1576870846,v2026-09-01,v2026-09-01,2026-10-05T00:21:15.350334Z
MONDO:0008104,Noonan syndrome 1,OMIM:163950,Noonan syndrome 1,RASopathies,start,"Noonan syndrome 1 (PTPN11), the most common RASopathy",PTPN11,NS1; Noonan syndrome 1; Noonan syndrome type 1,DOID:0060578; GARD:0007223; MEDGEN:1638960; NCIT:C75459; OMIM:163950; UMLS:C4551602,v2026-09-01,v2026-09-01,2026-10-05T00:21:15.350334Z
MONDO:0012371,Noonan syndrome 3,OMIM:609942,Noonan syndrome 3,RASopathies,mechanism_neighbor,Noonan syndrome 3 (KRAS),,KRAS Noonan syndrome; KRAS gene related Noonan syndrome; NS3; Noonan syndrome 3; Noonan syndrome caused by mutation in KRAS; Noonan syndrome type 3,DOID:0060581; GARD:0009885; MEDGEN:349931; MESH:C537847; NCIT:C176931; OMIM:609942; UMLS:C1860991,v2026-09-01,v2026-09-01,2026-10-05T00:21:15.350334Z
MONDO:0012547,Noonan syndrome 4,OMIM:610733,Noonan syndrome 4,RASopathies,mechanism_neighbor,Noonan syndrome 4 (SOS1),,NS4; Noonan syndrome 4; Noonan syndrome caused by mutation in SOS1; Noonan syndrome type 4; SOS1 Noonan syndrome; SOS1 gene related Noonan syndrome,DOID:0060582; GARD:0010699; MEDGEN:339908; MESH:C548082; NCIT:C176932; OMIM:610733; UMLS:C1853120,v2026-09-01,v2026-09-01,2026-10-05T00:21:15.350334Z
MONDO:0012690,Noonan syndrome 5,OMIM:611553,Noonan syndrome 5,RASopathies,mechanism_neighbor,Noonan syndrome 5 (RAF1),,NS5; Noonan syndrome 5; Noonan syndrome caused by mutation in RAF1; Noonan syndrome type 5; RAF1 Noonan syndrome; RAF1 gene related Noonan syndrome,DOID:0060583; GARD:0010700; MEDGEN:370589; MESH:C548083; NCIT:C176933; OMIM:611553; UMLS:C1969057,v2026-09-01,v2026-09-01,2026-10-05T00:21:15.350334Z
MONDO:0013379,Noonan syndrome 7,OMIM:613706,Noonan syndrome 7,RASopathies,mechanism_neighbor,Noonan syndrome 7 (BRAF),,BRAF Noonan syndrome; NS7; Noonan syndrome 7; Noonan syndrome caused by mutation in BRAF; Noonan syndrome type 7,DOID:0060585; GARD:0015693; MEDGEN:462320; NCIT:C176935; OMIM:613706; UMLS:C3150970,v2026-09-01,v2026-09-01,2026-10-05T00:21:15.350334Z
MONDO:0100082,LEOPARD syndrome 1,OMIM:151100,Leopard syndrome 1,RASopathies,same_gene_contrast,"Noonan syndrome with multiple lentigines (LEOPARD 1): same gene as Noonan 1 (PTPN11), different variants",PTPN11,"LEOPARD syndrome 1; LEOPARD syndrome type 1; LPRD1; lentiginosis, cardiomyopathic; multiple lentigines syndrome",DOID:0080548; GARD:0026037; MEDGEN:1631694; OMIM:151100; UMLS:C4551484,v2026-09-01,v2026-09-01,2026-10-05T00:21:15.350334Z
MONDO:0009026,Costello syndrome,OMIM:218040,Costello syndrome,RASopathies,mechanism_neighbor,Costello syndrome (HRAS),,CSTLO; Costello syndrome; FCS syndrome; congenital myopathy with excess of muscle spindles; faciocutaneoskeletal syndrome,DOID:0050469; GARD:0001550; ICD9:799.89; MEDGEN:108454; MESH:D056685; MedDRA:10067380; NANDO:1200463; NANDO:2200971; NCIT:C84652; NORD:1011; OMIM:218040; Orphanet:3071; SCTID:309776008; UMLS:C0587248; icd11.foundation:1946512039,v2026-09-01,v2026-09-01,2026-10-05T00:21:15.350334Z
MONDO:0014113,cardiofaciocutaneous syndrome 3,OMIM:615279,Cardiofaciocutaneous syndrome 3,RASopathies,mechanism_neighbor,Cardiofaciocutaneous syndrome 3 (MAP2K1),MAP2K1,CFC3; MAP2K1 cardiofaciocutaneous syndrome; cardiofaciocutaneous syndrome 3; cardiofaciocutaneous syndrome caused by mutation in MAP2K1; cardiofaciocutaneous syndrome type 3,DOID:0111462; GARD:0015936; MEDGEN:815336; OMIM:615279; UMLS:C3809006,v2026-09-01,v2026-09-01,2026-10-05T00:21:15.350334Z
MONDO:0018975,neurofibromatosis type 1,OMIM:162200,"Neurofibromatosis, type 1",RASopathies,mechanism_neighbor,"Neurofibromatosis type 1 (NF1), a RAS regulator",,"NF1; Neurofibromatosis 1; Nf1-Microdeletion syndrome; Recklinghausen's disease; neurofibromatosis; neurofibromatosis 1; neurofibromatosis type 1; neurofibromatosis type i; neurofibromatosis, type 1; nonmosaic NF1; nonmosaic neurofibromatosis type 1; peripheral neurofibromatosis; type 1 neurofibromatosis",DECIPHER:15; DOID:0111253; GARD:0007866; ICD10CM:Q85.01; ICD9:237.71; MEDGEN:18013; MESH:C538607; MESH:D009456; MedDRA:10047712; NANDO:1200225; NANDO:1200226; NANDO:2100287; NANDO:2201003; NCIT:C3273; OMIM:162200; Orphanet:636; SCTID:92824003; UMLS:C0027831; icd11.foundation:337970533,v2026-09-01,v2026-09-01,2026-10-05T00:21:15.350334Z
MONDO:0012669,Legius syndrome,OMIM:611431,Legius syndrome,RASopathies,mechanism_neighbor,"Legius syndrome (SPRED1): cafe-au-lait spots like NF1, different gene, same pathway",,Legius syndrome; NF1-like syndrome; neurofibromatosis 1-like syndrome; neurofibromatosis type 1 like syndrome,DOID:0070484; GARD:0010714; ICD9:709.09; MEDGEN:370709; MESH:C548032; NCIT:C176941; OMIM:611431; Orphanet:137605; SCTID:703541007; UMLS:C1969623; icd11.foundation:1025118245,v2026-09-01,v2026-09-01,2026-10-05T00:21:15.350334Z
MONDO:0010589,"Aarskog-Scott syndrome, X-linked",OMIM:305400,Aarskog-Scott syndrome,RASopathies,phenocopy_counterexample,"Aarskog-Scott syndrome (FGD1): short stature and facial features overlap with Noonan, but a different pathway",,"AAS; Aarskog Scott syndrome; Aarskog disease; Aarskog syndrome; Aarskog syndrome, X-linked; Aarskog-Scott syndrome; Aarskog-Scott syndrome, X-linked; Aarskog-Scott syndrome, X-linked recessive; Aarskog-like syndrome; FGD; FGDY; MRXS16, included; Scott Aarskog syndrome; facio-digito-genital dysplasia; faciodigitogenital syndrome; faciodigitogenital syndrome, recessive; faciogenital dysplasia; mental retardation, X-linked syndromic 16, X-linked recessive; mental retardation, X-linked, syndromic 16; mental retardation, X-linked, syndromic 16, included",DOID:6683; GARD:0024738; ICD9:759.89; MEDGEN:61234; MESH:C535331; MedDRA:10067148; NCIT:C129720; OMIM:305400; SCTID:14921002; UMLS:C0175701,v2026-09-01,v2026-09-01,2026-10-05T00:21:15.350334Z
MONDO:0008854,Bardet-Biedl syndrome 1,OMIM:209900,Bardet-Biedl syndrome 1,ciliopathies,start,"Bardet-Biedl syndrome 1 (BBS1, part of the BBSome)",BBS1,"BBS1; Bardet-Biedl syndrome 1; Bardet-Biedl syndrome 1, modifier of; Bardet-Biedl syndrome type 1",DOID:0110123; GARD:0000820; MEDGEN:422452; MESH:C537909; OMIM:209900; UMLS:C2936862,v2026-09-01,v2026-09-01,2026-10-05T00:21:15.350334Z
MONDO:0014432,Bardet-Biedl syndrome 2,OMIM:615981,Bardet-Biedl syndrome 2,ciliopathies,mechanism_neighbor,"Bardet-Biedl syndrome 2 (BBS2, BBSome)",,BBS; BBS2; BBS2 Bardet-Biedl syndrome; Bardet-Biedl syndrome; Bardet-Biedl syndrome 2; Bardet-Biedl syndrome caused by mutation in BBS2; Bardet-Biedl syndrome type 2,DOID:0110124; GARD:0000821; MEDGEN:422453; MESH:C537910; OMIM:615981; UMLS:C2936863,v2026-09-01,v2026-09-01,2026-10-05T00:21:15.350334Z
MONDO:0014438,Bardet-Biedl syndrome 10,OMIM:615987,Bardet-Biedl syndrome 10,ciliopathies,mechanism_neighbor,"Bardet-Biedl syndrome 10 (BBS10, chaperonin)",,BBS10; BBS10 Bardet-Biedl syndrome; Bardet-Biedl syndrome 10; Bardet-Biedl syndrome caused by mutation in BBS10; Bardet-Biedl syndrome type 10,DOID:0110132; GARD:0010209; MEDGEN:347909; MESH:C565919; OMIM:615987; UMLS:C1859568,v2026-09-01,v2026-09-01,2026-10-05T00:21:15.350334Z
MONDO:0008944,Joubert syndrome 1,OMIM:213300,Joubert syndrome 1,ciliopathies,mechanism_neighbor,Joubert syndrome 1 (INPP5E),,CORS1; CPD4; INPP5E Joubert syndrome; JBTS1; Joubert syndrome 1; Joubert syndrome caused by mutation in INPP5E; Joubert syndrome type 1; cerebellooculorenal syndrome 1,DOID:0110980; GARD:0024643; MEDGEN:1644883; OMIM:213300; UMLS:C4551568,v2026-09-01,v2026-09-01,2026-10-05T00:21:15.350334Z
MONDO:0011963,Joubert syndrome 2,OMIM:608091,Joubert syndrome 2,ciliopathies,mechanism_neighbor,Joubert syndrome 2 (TMEM216),,CORS2; JBTS2; Joubert syndrome 2; Joubert syndrome caused by mutation in TMEM216; Joubert syndrome type 2; TMEM216 Joubert syndrome; cerebellooculorenal syndrome 2,DOID:0110988; GARD:0010167; MEDGEN:334114; MESH:C536294; OMIM:608091; UMLS:C1842577,v2026-09-01,v2026-09-01,2026-10-05T00:21:15.350334Z
MONDO:0012432,Joubert syndrome 5,OMIM:610188,Joubert syndrome 5,ciliopathies,same_gene_contrast,Joubert syndrome 5 (CEP290),,CEP290 Joubert syndrome; JBTS5; Joubert syndrome 5; Joubert syndrome caused by mutation in CEP290; Joubert syndrome type 5,DOID:0111000; GARD:0015475; MEDGEN:347545; MESH:C537688; OMIM:610188; UMLS:C1857780,v2026-09-01,v2026-09-01,2026-10-05T00:21:15.350334Z
MONDO:0012626,"Meckel syndrome, type 4",OMIM:611134,"Meckel syndrome, type 4",ciliopathies,same_gene_contrast,"Meckel syndrome 4 (CEP290): same gene as Joubert 5, lethal presentation",,"CEP290 Meckel syndrome; MKS4; Meckel syndrome caused by mutation in CEP290; Meckel syndrome, type 4; Meckel-Gruber syndrome, type 4",DOID:0070118; GARD:0015509; MEDGEN:410003; OMIM:611134; UMLS:C1970161,v2026-09-01,v2026-09-01,2026-10-05T00:21:15.350334Z
MONDO:0012433,Senior-Loken syndrome 6,OMIM:610189,Senior-Loken syndrome 6,ciliopathies,same_gene_contrast,Senior-Loken syndrome 6 (CEP290): kidney and retina,,CEP290 Senior-Loken syndrome; SLSN6; Senior-Loken syndrome 6; Senior-Loken syndrome caused by mutation in CEP290; Senior-Loken syndrome type 6,DOID:0061280; GARD:0015476; MEDGEN:387907; MESH:C565708; OMIM:610189; UMLS:C1857779,v2026-09-01,v2026-09-01,2026-10-05T00:21:15.350334Z
MONDO:0009571,"Meckel syndrome, type 1",OMIM:249000,Meckel syndrome 1,ciliopathies,mechanism_neighbor,Meckel syndrome 1 (MKS1),,"Dysencephalia Splanchnocystica; Dysencephalia splachnocystica; Gruber syndrome; MKS; MKS1; MKS1 Meckel syndrome; Meckel Gruber syndrome; Meckel syndrome; Meckel syndrome caused by mutation in MKS1; Meckel syndrome type1; Meckel syndrome, type 1; Meckel-Gruber syndrome; Meckel-Gruber syndrome, type 1; Mes",DOID:0070115; GARD:0024681; MEDGEN:811346; MESH:C536133; OMIM:249000; UMLS:C3714506,v2026-09-01,v2026-09-01,2026-10-05T00:21:15.350334Z
MONDO:0009728,nephronophthisis 1,OMIM:256100,Nephronophthisis 1,ciliopathies,mechanism_neighbor,Nephronophthisis 1 (NPHP1),,"NPH1; NPHP1; NPHP1 nephronophthisis (disease); familial juvenile nephronophthisis; juvenile nephronophthisis; nephronophthisis (disease) caused by mutation in NPHP1; nephronophthisis 1; nephronophthisis 1, juvenile; nephronophthisis type 1",DOID:0111112; GARD:0018645; MEDGEN:343406; MESH:C537699; NANDO:1201036; NANDO:2200140; NCIT:C74998; OMIM:256100; Orphanet:93592; SCTID:444830001; UMLS:C1855681,v2026-09-01,v2026-09-01,2026-10-05T00:21:15.350334Z
MONDO:0008763,Alstrom syndrome,OMIM:203800,Alstrom syndrome,ciliopathies,mechanism_neighbor,Alstrom syndrome (ALMS1): obesity and retinal dystrophy like BBS,,ALMS; ALSS; Alstrom syndrome; Alstrom's syndrome; Alström Syndrome; Alström syndrome,DOID:0050473; GARD:0005787; ICD9:759.89; MEDGEN:78675; MESH:D056769; MedDRA:10068783; NCIT:C84549; NORD:757; OMIM:203800; Orphanet:64; SCTID:63702009; UMLS:C0268425,v2026-09-01,v2026-09-01,2026-10-05T00:21:15.350334Z
MONDO:0008300,Prader-Willi syndrome,OMIM:176270,Prader-Willi syndrome,ciliopathies,phenocopy_counterexample,"Prader-Willi syndrome: obesity, low muscle tone and learning disability like BBS, but an imprinting disorder of a chromosome region",-,"PWS; Prader-Labhart-Willi syndrome; Prader-Willi syndrome; Prader-Willi-Labhart syndrome; Willi-Prader syndrome; obesity, muscular hypotonia, intellectual disability, short stature, hypogonadotropic hypogonadism, and small hands and feet; obesity, muscular hypotonia, mental retardation, short stature, hypogonadotropic hypogonadism, and small hands and feet",DOID:11983; GARD:0005575; ICD10CM:Q87.11; ICD9:759.81; MEDGEN:46057; MESH:D011218; MedDRA:10036476; NANDO:1200678; NANDO:2200411; NCIT:C75463; NORD:1602; OMIM:176270; Orphanet:739; SCTID:89392001; UMLS:C0032897; icd11.foundation:393773440,v2026-09-01,v2026-09-01,2026-10-05T00:21:15.350334Z
