gene_symbol,uniprot_accession,protein_name,length,function,subcellular_location,alphafold_model_id,alphafold_version,alphafold_mean_plddt,alphafold_model_url,structure_status,uniprot_release,uniprot_url,retrieved_at
ALMS1,Q8TCU4,Centrosome-associated protein ALMS1,4168,"Involved in PCM1-dependent intracellular transport. Required, directly or indirectly, for the localization of NCAPD2 to the proximal ends of centrioles. Required for proper formation and/or maintenance of primary cilia (PC), microtubule-based structures that protrude from the surface of epithelial cells.",Cytoplasm; Centrosome; Cilium basal body; Spindle pole,,,,,no full-length AlphaFold model,2026_03,https://www.uniprot.org/uniprotkb/Q8TCU4/entry,2026-10-05T00:21:26Z
ARSA,P15289,Arylsulfatase A,507,"Lysosomal enzyme that catalyzes the hydrolysis of cerebroside-3-sulfate (N-acyl-1-beta-D-(3-O-sulfo)-galactosyl-sphing-4-enine) into cerebroside and sulfate, a reaction that requires the activator protein saposin B. Also involved in the catabolism of other sulfoglycosphingolipids such as SB1a and SM3 (beta-D-3-sulfogalactosyl-(1->4)-beta-D-glucosyl-(1<->1')-N-acylsphing-4-enine).",Endoplasmic reticulum; Lysosome,AF-P15289-F1,6,96.2,https://alphafold.ebi.ac.uk/files/AF-P15289-F1-model_v6.pdb,ok,2026_03,https://www.uniprot.org/uniprotkb/P15289/entry,2026-10-05T00:21:26Z
ASAH1,Q13510,Acid ceramidase,395,"Lysosomal ceramidase that hydrolyzes sphingolipid ceramides into sphingosine and free fatty acids at acidic pH. Ceramides, sphingosine, and its phosphorylated form sphingosine-1-phosphate are bioactive lipids that mediate cellular signaling pathways regulating several biological processes including cell proliferation, apoptosis and differentiation. Has a higher catalytic efficiency towards C12-ceramides versus other ceramides. Also catalyzes the reverse reaction allowing the synthesis of ceramides from fatty acids and sphingosine.",Lysosome; Secreted,AF-Q13510-F1,6,91.6,https://alphafold.ebi.ac.uk/files/AF-Q13510-F1-model_v6.pdb,ok,2026_03,https://www.uniprot.org/uniprotkb/Q13510/entry,2026-10-05T00:21:26Z
ASPA,P45381,Aspartoacylase,313,Catalyzes the deacetylation of N-acetylaspartic acid (NAA) to produce acetate and L-aspartate. NAA occurs in high concentration in brain and its hydrolysis NAA plays a significant part in the maintenance of intact white matter. In other tissues it acts as a scavenger of NAA from body fluids.,Cytoplasm; Nucleus,AF-P45381-F1,6,96.1,https://alphafold.ebi.ac.uk/files/AF-P45381-F1-model_v6.pdb,ok,2026_03,https://www.uniprot.org/uniprotkb/P45381/entry,2026-10-05T00:21:26Z
BBS1,Q8NFJ9,BBSome complex member BBS1,593,"The BBSome complex is thought to function as a coat complex required for sorting of specific membrane proteins to the primary cilia. The BBSome complex is required for ciliogenesis but is dispensable for centriolar satellite function. This ciliogenic function is mediated in part by the Rab8 GDP/GTP exchange factor, which localizes to the basal body and contacts the BBSome. Rab8(GTP) enters the primary cilium and promotes extension of the ciliary membrane.",Cilium membrane; Cytoplasm; Centriolar satellite,AF-Q8NFJ9-F1,6,89.4,https://alphafold.ebi.ac.uk/files/AF-Q8NFJ9-F1-model_v6.pdb,ok,2026_03,https://www.uniprot.org/uniprotkb/Q8NFJ9/entry,2026-10-05T00:21:26Z
BBS10,Q8TAM1,BBSome complex assembly protein BBS10,723,"Probable molecular chaperone that assists the folding of proteins upon ATP hydrolysis. Plays a role in the assembly of BBSome, a complex involved in ciliogenesis regulating transports vesicles to the cilia. Involved in adipogenic differentiation.",Cilium,AF-Q8TAM1-F1,6,71.3,https://alphafold.ebi.ac.uk/files/AF-Q8TAM1-F1-model_v6.pdb,ok,2026_03,https://www.uniprot.org/uniprotkb/Q8TAM1/entry,2026-10-05T00:21:26Z
BBS2,Q9BXC9,BBSome complex member BBS2,721,"The BBSome complex is thought to function as a coat complex required for sorting of specific membrane proteins to the primary cilia. The BBSome complex is required for ciliogenesis but is dispensable for centriolar satellite function. This ciliogenic function is mediated in part by the Rab8 GDP/GTP exchange factor, which localizes to the basal body and contacts the BBSome. Rab8(GTP) enters the primary cilium and promotes extension of the ciliary membrane.",Cilium membrane; Cytoplasm; Centriolar satellite,AF-Q9BXC9-F1,6,89.4,https://alphafold.ebi.ac.uk/files/AF-Q9BXC9-F1-model_v6.pdb,ok,2026_03,https://www.uniprot.org/uniprotkb/Q9BXC9/entry,2026-10-05T00:21:26Z
BRAF,P15056,Serine/threonine-protein kinase B-raf,766,"Protein kinase involved in the transduction of mitogenic signals from the cell membrane to the nucleus. Phosphorylates MAP2K1, and thereby activates the MAP kinase signal transduction pathway. Phosphorylates PFKFB2. May play a role in the postsynaptic responses of hippocampal neurons.",Nucleus; Cytoplasm; Cell membrane,AF-P15056-F1,6,66.4,https://alphafold.ebi.ac.uk/files/AF-P15056-F1-model_v6.pdb,ok,2026_03,https://www.uniprot.org/uniprotkb/P15056/entry,2026-10-05T00:21:26Z
CEP290,O15078,Centrosomal protein of 290 kDa,2479,Involved in early and late steps in cilia formation. Its association with CCP110 is required for inhibition of primary cilia formation by CCP110. May play a role in early ciliogenesis in the disappearance of centriolar satellites and in the transition of primary ciliar vesicles (PCVs) to capped ciliary vesicles (CCVs). Required for the centrosomal recruitment of RAB8A and for the targeting of centriole satellite proteins to centrosomes such as of PCM1.,Centrosome; Centriolar satellite; Nucleus; Cilium; Cilium basal body; Centriole; Cytoplasmic vesicle,AF-O15078-F1,6,60.6,https://alphafold.ebi.ac.uk/files/AF-O15078-F1-model_v6.pdb,ok,2026_03,https://www.uniprot.org/uniprotkb/O15078/entry,2026-10-05T00:21:26Z
CTSA,P10619,Lysosomal protective protein,480,"Protective protein appears to be essential for both the activity of beta-galactosidase and neuraminidase, it associates with these enzymes and exerts a protective function necessary for their stability and activity. Also functions as an activator of the sialidase NEU1. This protein is also a carboxypeptidase and can deamidate tachykinins.",Lysosome,AF-P10619-F1,6,94.6,https://alphafold.ebi.ac.uk/files/AF-P10619-F1-model_v6.pdb,ok,2026_03,https://www.uniprot.org/uniprotkb/P10619/entry,2026-10-05T00:21:26Z
FGD1,P98174,"FYVE, RhoGEF and PH domain-containing protein 1",961,"Activates CDC42, a member of the Ras-like family of Rho- and Rac proteins, by exchanging bound GDP for free GTP. Plays a role in regulating the actin cytoskeleton and cell shape.",Cytoplasm; Lamellipodium; Ruffle; Cytoskeleton,AF-P98174-F1,6,64.8,https://alphafold.ebi.ac.uk/files/AF-P98174-F1-model_v6.pdb,ok,2026_03,https://www.uniprot.org/uniprotkb/P98174/entry,2026-10-05T00:21:26Z
GALC,P54803,Galactocerebrosidase,685,"Hydrolyzes the galactose ester bonds of glycolipids such as galactosylceramide and galactosylsphingosine. Enzyme with very low activity responsible for the lysosomal catabolism of galactosylceramide, a major lipid in myelin, kidney and epithelial cells of small intestine and colon.",Lysosome,AF-P54803-F1,6,94.2,https://alphafold.ebi.ac.uk/files/AF-P54803-F1-model_v6.pdb,ok,2026_03,https://www.uniprot.org/uniprotkb/P54803/entry,2026-10-05T00:21:26Z
GALNS,P34059,N-acetylgalactosamine-6-sulfatase,522,"Lysosomal enzyme that hydrolyzes sulfate groups from glycosaminoglycans (GAGs), keratan sulfate (KS) and chondroitin-6-sulfate (C6S).",Lysosome,AF-P34059-F1,6,95.9,https://alphafold.ebi.ac.uk/files/AF-P34059-F1-model_v6.pdb,ok,2026_03,https://www.uniprot.org/uniprotkb/P34059/entry,2026-10-05T00:21:26Z
GBA1,P04062,Lysosomal acid glucosylceramidase,536,"Glucosylceramidase that catalyzes, within the lysosomal compartment, the hydrolysis of glucosylceramides/GlcCers (such as beta-D-glucosyl-(1<->1')-N-acylsphing-4-enine) into free ceramides (such as N-acylsphing-4-enine) and glucose. Plays a central role in the degradation of complex lipids and the turnover of cellular membranes. Through the production of ceramides, participates in the PKC-activated salvage pathway of ceramide formation. Catalyzes the glucosylation of cholesterol, through a transglucosylation reaction where glucose is transferred from GlcCer to cholesterol.",Lysosome membrane,AF-P04062-F1,6,93.3,https://alphafold.ebi.ac.uk/files/AF-P04062-F1-model_v6.pdb,ok,2026_03,https://www.uniprot.org/uniprotkb/P04062/entry,2026-10-05T00:21:26Z
GLA,P06280,Alpha-galactosidase A,429,Catalyzes the hydrolysis of glycosphingolipids and participates in their degradation in the lysosome.,Lysosome,AF-P06280-F1,6,94.4,https://alphafold.ebi.ac.uk/files/AF-P06280-F1-model_v6.pdb,ok,2026_03,https://www.uniprot.org/uniprotkb/P06280/entry,2026-10-05T00:21:26Z
GLB1,P16278,Beta-galactosidase,677,"Cleaves beta-linked terminal galactosyl residues from gangliosides, glycoproteins, and glycosaminoglycans.",Lysosome,AF-P16278-F1,6,90.1,https://alphafold.ebi.ac.uk/files/AF-P16278-F1-model_v6.pdb,ok,2026_03,https://www.uniprot.org/uniprotkb/P16278/entry,2026-10-05T00:21:26Z
GM2A,P17900,Ganglioside GM2 activator,193,Lipid-binding and transfer protein essential for lysosomal degradation of ganglioside GM2. Extracts single GM2 molecules from intralysosomal luminal vesicle (ILV) membranes and presents them in soluble form to beta-hexosaminidase A (HEXA) for cleavage of N-acetyl-D-galactosamine and conversion to GM3. Forms a stoichiometric GM2-GM2A complex that serves as the substrate for HEXA. Also stimulates the breakdown of glycolipid GA2 by HEXA. Possesses dual function: membrane lipid mobilization/solubilization and lipid substrate presentation to hydrolases.,Lysosome,AF-P17900-F1,6,88.9,https://alphafold.ebi.ac.uk/files/AF-P17900-F1-model_v6.pdb,ok,2026_03,https://www.uniprot.org/uniprotkb/P17900/entry,2026-10-05T00:21:26Z
HEXA,P06865,Beta-hexosaminidase subunit alpha,529,"Hydrolyzes the non-reducing end N-acetyl-D-hexosamine and/or sulfated N-acetyl-D-hexosamine of glycoconjugates, such as the oligosaccharide moieties from proteins and neutral glycolipids, or from certain mucopolysaccharides. The isozyme S is as active as the isozyme A on the anionic bis-sulfated glycans, the chondroitin-6-sulfate trisaccharide (C6S-3), and the dermatan sulfate pentasaccharide, and the sulfated glycosphingolipid SM2. The isozyme B does not hydrolyze each of these substrates, however hydrolyzes efficiently neutral oligosaccharide.",Lysosome,AF-P06865-F1,6,93.4,https://alphafold.ebi.ac.uk/files/AF-P06865-F1-model_v6.pdb,ok,2026_03,https://www.uniprot.org/uniprotkb/P06865/entry,2026-10-05T00:21:26Z
HEXB,P07686,Beta-hexosaminidase subunit beta,556,"Hydrolyzes the non-reducing end N-acetyl-D-hexosamine and/or sulfated N-acetyl-D-hexosamine of glycoconjugates, such as the oligosaccharide moieties from proteins and neutral glycolipids, or from certain mucopolysaccharides. The isozyme B does not hydrolyze each of these substrates, however hydrolyzes efficiently neutral oligosaccharide. Only the isozyme A is responsible for the degradation of GM2 gangliosides in the presence of GM2A. During fertilization is responsible, at least in part, for the zona block to polyspermy.",Lysosome; Cortical granule,AF-P07686-F1,6,92.9,https://alphafold.ebi.ac.uk/files/AF-P07686-F1-model_v6.pdb,ok,2026_03,https://www.uniprot.org/uniprotkb/P07686/entry,2026-10-05T00:21:26Z
HRAS,P01112,GTPase HRas,189,Signal transducer in the Ras-MAPK signaling pathway that regulates cell proliferation and survival. Ras proteins bind GDP/GTP and possess intrinsic GTPase activity. Recognized by LZTR1 that mediates its ubiquitination by a BCR (BTB-CUL3-RBX1) E3 ubiquitin-protein ligase complex.,Cell membrane; Golgi apparatus; Golgi apparatus membrane,AF-P01112-F1,6,92.0,https://alphafold.ebi.ac.uk/files/AF-P01112-F1-model_v6.pdb,ok,2026_03,https://www.uniprot.org/uniprotkb/P01112/entry,2026-10-05T00:21:26Z
INPP5E,Q9NRR6,Phosphatidylinositol polyphosphate 5-phosphatase type IV,644,"Phosphatidylinositol (PtdIns) phosphatase that specifically hydrolyzes the 5-phosphate of phosphatidylinositol-3,4,5-trisphosphate (PtdIns(3,4,5)P3), phosphatidylinositol 4,5-bisphosphate (PtdIns(4,5)P2) and phosphatidylinositol 3,5-bisphosphate (PtdIns(3,5)P2). Specific for lipid substrates, inactive towards water soluble inositol phosphates. Can also remove the 5-phosphate from 1D-myo-inositol 1,4,5-trisphosphate (Ins(1,4,5)P3). Plays an essential role in the primary cilium by controlling ciliary growth and phosphoinositide 3-kinase (PI3K) signaling and stability.",Cilium axoneme; Golgi stack membrane; Cell membrane; Ruffle; Cytoplasm; Nucleus,AF-Q9NRR6-F1,6,71.3,https://alphafold.ebi.ac.uk/files/AF-Q9NRR6-F1-model_v6.pdb,ok,2026_03,https://www.uniprot.org/uniprotkb/Q9NRR6/entry,2026-10-05T00:21:26Z
KRAS,P01116,GTPase KRas,189,Signal transducer in the Ras-MAPK signaling pathway that regulates cell proliferation and survival. Ras proteins bind GDP/GTP and possess intrinsic GTPase activity. Activates MAPK1/MAPK3 resulting in phosphorylation and ultimately degradation of GJA1. Plays a role in promoting oncogenic events by inducing transcriptional silencing of tumor suppressor genes (TSGs) in colorectal cancer (CRC) cells in a ZNF304-dependent manner. Recognized by LZTR1 that mediates its ubiquitination by a BCR (BTB-CUL3-RBX1) E3 ubiquitin-protein ligase complex.,Cell membrane; Endomembrane system; Cytoplasm,AF-P01116-F1,6,91.6,https://alphafold.ebi.ac.uk/files/AF-P01116-F1-model_v6.pdb,ok,2026_03,https://www.uniprot.org/uniprotkb/P01116/entry,2026-10-05T00:21:26Z
MAP2K1,Q02750,Dual specificity mitogen-activated protein kinase kinase 1,393,"Dual specificity protein kinase which acts as an essential component of the MAP kinase signal transduction pathway. Binding of extracellular ligands such as growth factors, cytokines and hormones to their cell-surface receptors activates RAS and this initiates RAF1 activation. RAF1 then further activates the dual-specificity protein kinases MAP2K1/MEK1 and MAP2K2/MEK2.",Centrosome; Spindle pole body; Cytoplasm; Nucleus; Membrane,AF-Q02750-F1,6,83.2,https://alphafold.ebi.ac.uk/files/AF-Q02750-F1-model_v6.pdb,ok,2026_03,https://www.uniprot.org/uniprotkb/Q02750/entry,2026-10-05T00:21:26Z
MKS1,Q9NXB0,Tectonic-like complex member MKS1,559,"Component of the tectonic-like complex, a complex localized at the transition zone of primary cilia and acting as a barrier that prevents diffusion of transmembrane proteins between the cilia and plasma membranes. Involved in centrosome migration to the apical cell surface during early ciliogenesis. Required for ciliary structure and function, including a role in regulating length and appropriate number through modulating centrosome duplication. Required for cell branching morphology.",Cilium basal body; Centrosome,AF-Q9NXB0-F1,6,73.5,https://alphafold.ebi.ac.uk/files/AF-Q9NXB0-F1-model_v6.pdb,ok,2026_03,https://www.uniprot.org/uniprotkb/Q9NXB0/entry,2026-10-05T00:21:26Z
NEU1,Q99519,Sialidase-1,415,"Lysosomal exo-alpha-sialidase that catalyzes the removal of sialic acid (N-acetylneuraminic acid) moieties from glycoproteins and glycolipids. To be active, it is strictly dependent on its presence in the multienzyme complex. Appears to have a preference for alpha 2-3 and alpha 2-6 sialyl linkage.",Lysosome lumen; Lysosome membrane; Cell membrane,AF-Q99519-F1,6,89.1,https://alphafold.ebi.ac.uk/files/AF-Q99519-F1-model_v6.pdb,ok,2026_03,https://www.uniprot.org/uniprotkb/Q99519/entry,2026-10-05T00:21:26Z
NF1,P21359,Neurofibromin,2839,"Stimulates the GTPase activity of Ras. NF1 shows greater affinity for Ras GAP, but lower specific activity. May be a regulator of Ras activity.",Nucleus; Nucleolus; Cell membrane,,,,,no full-length AlphaFold model,2026_03,https://www.uniprot.org/uniprotkb/P21359/entry,2026-10-05T00:21:26Z
NPC1,O15118,NPC intracellular cholesterol transporter 1,1278,Intracellular cholesterol transporter which acts in concert with NPC2 and plays an important role in the egress of cholesterol from the endosomal/lysosomal compartment. Unesterified cholesterol that has been released from LDLs in the lumen of the late endosomes/lysosomes is transferred by NPC2 to the cholesterol-binding pocket in the N-terminal domain of NPC1. Cholesterol binds to NPC1 with the hydroxyl group buried in the binding pocket.,Late endosome membrane; Lysosome membrane,AF-O15118-F1,6,85.1,https://alphafold.ebi.ac.uk/files/AF-O15118-F1-model_v6.pdb,ok,2026_03,https://www.uniprot.org/uniprotkb/O15118/entry,2026-10-05T00:21:26Z
NPHP1,O15259,Nephrocystin-1,732,"Together with BCAR1 it may play a role in the control of epithelial cell polarity. Involved in the organization of apical junctions in kidney cells together with NPHP4 and RPGRIP1L/NPHP8. Does not seem to be strictly required for ciliogenesis. Seems to help to recruit PTK2B/PYK2 to cell matrix adhesions, thereby initiating phosphorylation of PTK2B/PYK2 and PTK2B/PYK2-dependent signaling. May play a role in the regulation of intraflagellar transport (IFT) during cilia assembly. Required for normal retina development.",Cell junction; Adherens junction; Cilium; Cilium axoneme; Tight junction,AF-O15259-F1,6,75.9,https://alphafold.ebi.ac.uk/files/AF-O15259-F1-model_v6.pdb,ok,2026_03,https://www.uniprot.org/uniprotkb/O15259/entry,2026-10-05T00:21:26Z
PTPN11,Q06124,Tyrosine-protein phosphatase non-receptor type 11,593,"Acts downstream of various receptor and cytoplasmic protein tyrosine kinases to participate in the signal transduction from the cell surface to the nucleus. Positively regulates MAPK signal transduction pathway. Dephosphorylates GAB1, ARHGAP35 and EGFR. Dephosphorylates ROCK2 at 'Tyr-722' resulting in stimulation of its RhoA binding activity. Dephosphorylates CDC73. Dephosphorylates SOX9 on tyrosine residues, leading to inactivate SOX9 and promote ossification. Dephosphorylates tyrosine-phosphorylated NEDD9/CAS-L.",Cytoplasm; Nucleus,AF-Q06124-F1,6,85.9,https://alphafold.ebi.ac.uk/files/AF-Q06124-F1-model_v6.pdb,ok,2026_03,https://www.uniprot.org/uniprotkb/Q06124/entry,2026-10-05T00:21:26Z
RAF1,P04049,RAF proto-oncogene serine/threonine-protein kinase,648,"Serine/threonine-protein kinase that acts as a regulatory link between the membrane-associated Ras GTPases and the MAPK/ERK cascade, and this critical regulatory link functions as a switch determining cell fate decisions including proliferation, differentiation, apoptosis, survival and oncogenic transformation. RAF1 activation initiates a mitogen-activated protein kinase (MAPK) cascade that comprises a sequential phosphorylation of the dual-specific MAPK kinases (MAP2K1/MEK1 and MAP2K2/MEK2) and the extracellular signal-regulated kinases (MAPK3/ERK1 and MAPK1/ERK2).",Cytoplasm; Cell membrane; Mitochondrion; Nucleus,AF-P04049-F1,6,67.5,https://alphafold.ebi.ac.uk/files/AF-P04049-F1-model_v6.pdb,ok,2026_03,https://www.uniprot.org/uniprotkb/P04049/entry,2026-10-05T00:21:26Z
SMPD1,P17405,Sphingomyelin phosphodiesterase,631,"Converts sphingomyelin to ceramide. Exists as two enzymatic forms that arise from alternative trafficking of a single protein precursor, one that is targeted to the endolysosomal compartment, whereas the other is released extracellularly. However, in response to various forms of stress, lysosomal exocytosis may represent a major source of the secretory form. In the lysosomes, converts sphingomyelin to ceramide. Plays an important role in the export of cholesterol from the intraendolysosomal membranes.",Lysosome; Lipid droplet; Secreted,AF-P17405-F1,6,88.1,https://alphafold.ebi.ac.uk/files/AF-P17405-F1-model_v6.pdb,ok,2026_03,https://www.uniprot.org/uniprotkb/P17405/entry,2026-10-05T00:21:26Z
SOS1,Q07889,Son of sevenless homolog 1,1333,"Promotes the exchange of Ras-bound GDP by GTP. Probably by promoting Ras activation, regulates phosphorylation of MAP kinase MAPK3/ERK1 in response to EGF. Catalytic component of a trimeric complex that participates in transduction of signals from Ras to Rac by promoting the Rac-specific guanine nucleotide exchange factor (GEF) activity.",,AF-Q07889-F1,6,76.4,https://alphafold.ebi.ac.uk/files/AF-Q07889-F1-model_v6.pdb,ok,2026_03,https://www.uniprot.org/uniprotkb/Q07889/entry,2026-10-05T00:21:26Z
SPRED1,Q7Z699,"Sprouty-related, EVH1 domain-containing protein 1",444,"Tyrosine kinase substrate that inhibits growth-factor-mediated activation of MAP kinase. Negatively regulates hematopoiesis of bone marrow. Inhibits fibroblast growth factor (FGF)-induced retinal lens fiber differentiation, probably by inhibiting FGF-mediated phosphorylation of ERK1/2. Attenuates actin stress fiber formation via inhibition of TESK1-mediated phosphorylation of cofilin. Inhibits TGFB-induced epithelial-to-mesenchymal transition in lens epithelial cells.",Cell membrane; Caveola; Nucleus,AF-Q7Z699-F1,6,63.7,https://alphafold.ebi.ac.uk/files/AF-Q7Z699-F1-model_v6.pdb,ok,2026_03,https://www.uniprot.org/uniprotkb/Q7Z699/entry,2026-10-05T00:21:26Z
TMEM216,Q9P0N5,Transmembrane protein 216,145,"Essential for primary ciliogenesis and embryonic development, facilitating the activation of Hedgehog (Hh) signaling pathway. Disrupts the interaction of GLI2 and GLI3 with the negative regulator SUFU. Inhibiting SUFU's interaction with GLI2 promotes the entry of GLI2 into the nucleus, allowing it to activate Hh target gene expression. Disrupting SUFU's interaction with GLI3 prevents its conversion into the repressor form, leading to increased nuclear GLI3 and enhanced Hh signaling.",Membrane; Cilium basal body,AF-Q9P0N5-F1,6,89.1,https://alphafold.ebi.ac.uk/files/AF-Q9P0N5-F1-model_v6.pdb,ok,2026_03,https://www.uniprot.org/uniprotkb/Q9P0N5/entry,2026-10-05T00:21:26Z
