similarity_id,source_protein_id,target_protein_id,source_gene_symbol,target_gene_symbol,method,substitution_matrix,gap_model,gap_open_penalty,gap_extend_penalty,alignment_score,identity_pct,identical_residues,aligned_residues,query_aligned_residues,target_aligned_residues,alignment_length,query_coverage_pct,target_coverage_pct,minimum_coverage_pct,gap_fraction_pct,evalue,bitscore,embedding_model,embedding_version,cosine_similarity,structure_source,tm_score,lddt,assertion_level,evidence_id,primary_score,score_name,dataset_release,source_url,method_source_url,notes
SIMSEQ:smith_waterman_local_linear_v0.1:UNIPROT_P16278__UNIPROT_P06865,UNIPROT:P16278,UNIPROT:P06865,GLB1,HEXA,smith_waterman_local_linear_v0.1,identity_match+2_mismatch-1,linear,,2,11,70.000,7,10,10,10,10,1.477,1.890,1.477,0.000,,,,,,,,,inferred,COMPUTED:SIMSEQ:smith_waterman_local_linear_v0.1:UNIPROT_P16278__UNIPROT_P06865,11,smith_waterman_linear_raw_score,2026_03,https://rest.uniprot.org/uniprotkb/search?query=gene_exact%3AGLB1+AND+organism_id%3A9606+AND+reviewed%3Atrue&format=tsv&fields=accession%2Cid%2Cgene_names%2Cprotein_name%2Clength%2Csequence%2Corganism_name%2Creviewed&size=10;https://rest.uniprot.org/uniprotkb/search?query=gene_exact%3AHEXA+AND+organism_id%3A9606+AND+reviewed%3Atrue&format=tsv&fields=accession%2Cid%2Cgene_names%2Cprotein_name%2Clength%2Csequence%2Corganism_name%2Creviewed&size=10,,low or localized sequence similarity; retain pathway and phenotype evidence separately. Transparent teaching baseline; not calibrated for protein substitution chemistry. Alignment checksum=ba3c3adbcc72b74ad68549e53db16320d1278a4edfd1754f217837a4b5230c68.
SIMSEQ:smith_waterman_local_blosum62_affine_v0.2:UNIPROT_P16278__UNIPROT_P06865,UNIPROT:P16278,UNIPROT:P06865,GLB1,HEXA,smith_waterman_local_blosum62_affine_v0.2,BLOSUM62,affine; cost=-(open + extend*gap_length),11,1,40,43.750,7,16,16,16,16,2.363,3.025,2.363,0.000,0.338,20.0,,,,,,,inferred,COMPUTED:SIMSEQ:smith_waterman_local_blosum62_affine_v0.2:UNIPROT_P16278__UNIPROT_P06865,40,smith_waterman_blosum62_affine_raw_score,2026_03,https://rest.uniprot.org/uniprotkb/search?query=gene_exact%3AGLB1+AND+organism_id%3A9606+AND+reviewed%3Atrue&format=tsv&fields=accession%2Cid%2Cgene_names%2Cprotein_name%2Clength%2Csequence%2Corganism_name%2Creviewed&size=10;https://rest.uniprot.org/uniprotkb/search?query=gene_exact%3AHEXA+AND+organism_id%3A9606+AND+reviewed%3Atrue&format=tsv&fields=accession%2Cid%2Cgene_names%2Cprotein_name%2Clength%2Csequence%2Corganism_name%2Creviewed&size=10,https://ftp.ncbi.nlm.nih.gov/blast/matrices/BLOSUM62,E-value 0.34: not distinguishable from chance. low or localized sequence similarity; retain pathway and phenotype evidence separately. BLOSUM62 with NCBI-style affine gaps; raw score is only comparable within this method. Alignment checksum=c72db8b3a8c5732cb6b7a1d37d8971761c6a2943e7aa1c0fcbf78b089e72e2e3.
SIMSEQ:smith_waterman_local_linear_v0.1:UNIPROT_P16278__UNIPROT_P07686,UNIPROT:P16278,UNIPROT:P07686,GLB1,HEXB,smith_waterman_local_linear_v0.1,identity_match+2_mismatch-1,linear,,2,10,75.000,6,8,8,8,8,1.182,1.439,1.182,0.000,,,,,,,,,inferred,COMPUTED:SIMSEQ:smith_waterman_local_linear_v0.1:UNIPROT_P16278__UNIPROT_P07686,10,smith_waterman_linear_raw_score,2026_03,https://rest.uniprot.org/uniprotkb/search?query=gene_exact%3AGLB1+AND+organism_id%3A9606+AND+reviewed%3Atrue&format=tsv&fields=accession%2Cid%2Cgene_names%2Cprotein_name%2Clength%2Csequence%2Corganism_name%2Creviewed&size=10;https://rest.uniprot.org/uniprotkb/search?query=gene_exact%3AHEXB+AND+organism_id%3A9606+AND+reviewed%3Atrue&format=tsv&fields=accession%2Cid%2Cgene_names%2Cprotein_name%2Clength%2Csequence%2Corganism_name%2Creviewed&size=10,,low or localized sequence similarity; retain pathway and phenotype evidence separately. Transparent teaching baseline; not calibrated for protein substitution chemistry. Alignment checksum=788fa83f13e47f08fb93c6fefae088b14c09e4e034f4f8d41c3f4013dd162941.
SIMSEQ:smith_waterman_local_blosum62_affine_v0.2:UNIPROT_P16278__UNIPROT_P07686,UNIPROT:P16278,UNIPROT:P07686,GLB1,HEXB,smith_waterman_local_blosum62_affine_v0.2,BLOSUM62,affine; cost=-(open + extend*gap_length),11,1,41,27.632,21,76,79,78,81,11.669,14.029,11.669,6.173,0.272,20.4,,,,,,,inferred,COMPUTED:SIMSEQ:smith_waterman_local_blosum62_affine_v0.2:UNIPROT_P16278__UNIPROT_P07686,41,smith_waterman_blosum62_affine_raw_score,2026_03,https://rest.uniprot.org/uniprotkb/search?query=gene_exact%3AGLB1+AND+organism_id%3A9606+AND+reviewed%3Atrue&format=tsv&fields=accession%2Cid%2Cgene_names%2Cprotein_name%2Clength%2Csequence%2Corganism_name%2Creviewed&size=10;https://rest.uniprot.org/uniprotkb/search?query=gene_exact%3AHEXB+AND+organism_id%3A9606+AND+reviewed%3Atrue&format=tsv&fields=accession%2Cid%2Cgene_names%2Cprotein_name%2Clength%2Csequence%2Corganism_name%2Creviewed&size=10,https://ftp.ncbi.nlm.nih.gov/blast/matrices/BLOSUM62,E-value 0.27: not distinguishable from chance. low or localized sequence similarity; retain pathway and phenotype evidence separately. BLOSUM62 with NCBI-style affine gaps; raw score is only comparable within this method. Alignment checksum=0f7632992e06c3684032dd674a15e2933006a8c6f92b8ebffd969282b4ae3e16.
SIMSEQ:smith_waterman_local_linear_v0.1:UNIPROT_P16278__UNIPROT_P17900,UNIPROT:P16278,UNIPROT:P17900,GLB1,GM2A,smith_waterman_local_linear_v0.1,identity_match+2_mismatch-1,linear,,2,12,100.000,6,6,6,6,6,0.886,3.109,0.886,0.000,,,,,,,,,inferred,COMPUTED:SIMSEQ:smith_waterman_local_linear_v0.1:UNIPROT_P16278__UNIPROT_P17900,12,smith_waterman_linear_raw_score,2026_03,https://rest.uniprot.org/uniprotkb/search?query=gene_exact%3AGLB1+AND+organism_id%3A9606+AND+reviewed%3Atrue&format=tsv&fields=accession%2Cid%2Cgene_names%2Cprotein_name%2Clength%2Csequence%2Corganism_name%2Creviewed&size=10;https://rest.uniprot.org/uniprotkb/search?query=gene_exact%3AGM2A+AND+organism_id%3A9606+AND+reviewed%3Atrue&format=tsv&fields=accession%2Cid%2Cgene_names%2Cprotein_name%2Clength%2Csequence%2Corganism_name%2Creviewed&size=10,,low or localized sequence similarity; retain pathway and phenotype evidence separately. Transparent teaching baseline; not calibrated for protein substitution chemistry. Alignment checksum=491f5fb6626332b9a056cda5eac4775ce82528ad43e7f575d687b11266cc7912.
SIMSEQ:smith_waterman_local_blosum62_affine_v0.2:UNIPROT_P16278__UNIPROT_P17900,UNIPROT:P16278,UNIPROT:P17900,GLB1,GM2A,smith_waterman_local_blosum62_affine_v0.2,BLOSUM62,affine; cost=-(open + extend*gap_length),11,1,35,48.000,12,25,31,31,37,4.579,16.062,4.579,32.432,0.468,18.1,,,,,,,inferred,COMPUTED:SIMSEQ:smith_waterman_local_blosum62_affine_v0.2:UNIPROT_P16278__UNIPROT_P17900,35,smith_waterman_blosum62_affine_raw_score,2026_03,https://rest.uniprot.org/uniprotkb/search?query=gene_exact%3AGLB1+AND+organism_id%3A9606+AND+reviewed%3Atrue&format=tsv&fields=accession%2Cid%2Cgene_names%2Cprotein_name%2Clength%2Csequence%2Corganism_name%2Creviewed&size=10;https://rest.uniprot.org/uniprotkb/search?query=gene_exact%3AGM2A+AND+organism_id%3A9606+AND+reviewed%3Atrue&format=tsv&fields=accession%2Cid%2Cgene_names%2Cprotein_name%2Clength%2Csequence%2Corganism_name%2Creviewed&size=10,https://ftp.ncbi.nlm.nih.gov/blast/matrices/BLOSUM62,E-value 0.47: not distinguishable from chance. low or localized sequence similarity; retain pathway and phenotype evidence separately. BLOSUM62 with NCBI-style affine gaps; raw score is only comparable within this method. Alignment checksum=3c07256eccb7ebd2137a7b2fa3c1773c1fc7cd716e90ef37199f89bcae66aba6.
SIMSEQ:smith_waterman_local_linear_v0.1:UNIPROT_P06865__UNIPROT_P07686,UNIPROT:P06865,UNIPROT:P07686,HEXA,HEXB,smith_waterman_local_linear_v0.1,identity_match+2_mismatch-1,linear,,2,367,65.633,254,387,391,387,391,73.913,69.604,69.604,1.023,,,,,,,,,inferred,COMPUTED:SIMSEQ:smith_waterman_local_linear_v0.1:UNIPROT_P06865__UNIPROT_P07686,367,smith_waterman_linear_raw_score,2026_03,https://rest.uniprot.org/uniprotkb/search?query=gene_exact%3AHEXA+AND+organism_id%3A9606+AND+reviewed%3Atrue&format=tsv&fields=accession%2Cid%2Cgene_names%2Cprotein_name%2Clength%2Csequence%2Corganism_name%2Creviewed&size=10;https://rest.uniprot.org/uniprotkb/search?query=gene_exact%3AHEXB+AND+organism_id%3A9606+AND+reviewed%3Atrue&format=tsv&fields=accession%2Cid%2Cgene_names%2Cprotein_name%2Clength%2Csequence%2Corganism_name%2Creviewed&size=10,,stronger sequence-homology signal; inspect domains and structure. Transparent teaching baseline; not calibrated for protein substitution chemistry. Alignment checksum=e000beff5a2f74f98a81166f6a38539fb5ff8cdeae1c80ab26ffd6b137998901.
SIMSEQ:smith_waterman_local_blosum62_affine_v0.2:UNIPROT_P06865__UNIPROT_P07686,UNIPROT:P06865,UNIPROT:P07686,HEXA,HEXB,smith_waterman_local_blosum62_affine_v0.2,BLOSUM62,affine; cost=-(open + extend*gap_length),11,1,1568,57.400,287,500,504,500,504,95.274,89.928,89.928,0.794,1.83e-178,608.6,,,,,,,inferred,COMPUTED:SIMSEQ:smith_waterman_local_blosum62_affine_v0.2:UNIPROT_P06865__UNIPROT_P07686,1568,smith_waterman_blosum62_affine_raw_score,2026_03,https://rest.uniprot.org/uniprotkb/search?query=gene_exact%3AHEXA+AND+organism_id%3A9606+AND+reviewed%3Atrue&format=tsv&fields=accession%2Cid%2Cgene_names%2Cprotein_name%2Clength%2Csequence%2Corganism_name%2Creviewed&size=10;https://rest.uniprot.org/uniprotkb/search?query=gene_exact%3AHEXB+AND+organism_id%3A9606+AND+reviewed%3Atrue&format=tsv&fields=accession%2Cid%2Cgene_names%2Cprotein_name%2Clength%2Csequence%2Corganism_name%2Creviewed&size=10,https://ftp.ncbi.nlm.nih.gov/blast/matrices/BLOSUM62,E-value 1.8e-178: statistically significant. stronger sequence-homology signal; inspect domains and structure. BLOSUM62 with NCBI-style affine gaps; raw score is only comparable within this method. Alignment checksum=ee73f718ef3e3e0ccd13815539dc527fe3329a63ddf2d71fadc2b9ad3076afe1.
SIMSEQ:smith_waterman_local_linear_v0.1:UNIPROT_P06865__UNIPROT_P17900,UNIPROT:P06865,UNIPROT:P17900,HEXA,GM2A,smith_waterman_local_linear_v0.1,identity_match+2_mismatch-1,linear,,2,11,87.500,7,8,8,9,9,1.512,4.663,1.512,11.111,,,,,,,,,inferred,COMPUTED:SIMSEQ:smith_waterman_local_linear_v0.1:UNIPROT_P06865__UNIPROT_P17900,11,smith_waterman_linear_raw_score,2026_03,https://rest.uniprot.org/uniprotkb/search?query=gene_exact%3AHEXA+AND+organism_id%3A9606+AND+reviewed%3Atrue&format=tsv&fields=accession%2Cid%2Cgene_names%2Cprotein_name%2Clength%2Csequence%2Corganism_name%2Creviewed&size=10;https://rest.uniprot.org/uniprotkb/search?query=gene_exact%3AGM2A+AND+organism_id%3A9606+AND+reviewed%3Atrue&format=tsv&fields=accession%2Cid%2Cgene_names%2Cprotein_name%2Clength%2Csequence%2Corganism_name%2Creviewed&size=10,,low or localized sequence similarity; retain pathway and phenotype evidence separately. Transparent teaching baseline; not calibrated for protein substitution chemistry. Alignment checksum=6c6bdaa3d350364611628e0953e293e4817ed61344e0471c12d488ec5c879d83.
SIMSEQ:smith_waterman_local_blosum62_affine_v0.2:UNIPROT_P06865__UNIPROT_P17900,UNIPROT:P06865,UNIPROT:P17900,HEXA,GM2A,smith_waterman_local_blosum62_affine_v0.2,BLOSUM62,affine; cost=-(open + extend*gap_length),11,1,31,30.233,13,43,43,45,45,8.129,23.316,8.129,4.444,1.06,16.5,,,,,,,inferred,COMPUTED:SIMSEQ:smith_waterman_local_blosum62_affine_v0.2:UNIPROT_P06865__UNIPROT_P17900,31,smith_waterman_blosum62_affine_raw_score,2026_03,https://rest.uniprot.org/uniprotkb/search?query=gene_exact%3AHEXA+AND+organism_id%3A9606+AND+reviewed%3Atrue&format=tsv&fields=accession%2Cid%2Cgene_names%2Cprotein_name%2Clength%2Csequence%2Corganism_name%2Creviewed&size=10;https://rest.uniprot.org/uniprotkb/search?query=gene_exact%3AGM2A+AND+organism_id%3A9606+AND+reviewed%3Atrue&format=tsv&fields=accession%2Cid%2Cgene_names%2Cprotein_name%2Clength%2Csequence%2Corganism_name%2Creviewed&size=10,https://ftp.ncbi.nlm.nih.gov/blast/matrices/BLOSUM62,E-value 1.1: not distinguishable from chance. low or localized sequence similarity; retain pathway and phenotype evidence separately. BLOSUM62 with NCBI-style affine gaps; raw score is only comparable within this method. Alignment checksum=e400f96052a37e317a0202918cb5269c70bd3494e8c40c3b2cf953952f7deb03.
SIMSEQ:smith_waterman_local_linear_v0.1:UNIPROT_P07686__UNIPROT_P17900,UNIPROT:P07686,UNIPROT:P17900,HEXB,GM2A,smith_waterman_local_linear_v0.1,identity_match+2_mismatch-1,linear,,2,11,75.000,9,12,14,12,14,2.518,6.218,2.518,14.286,,,,,,,,,inferred,COMPUTED:SIMSEQ:smith_waterman_local_linear_v0.1:UNIPROT_P07686__UNIPROT_P17900,11,smith_waterman_linear_raw_score,2026_03,https://rest.uniprot.org/uniprotkb/search?query=gene_exact%3AHEXB+AND+organism_id%3A9606+AND+reviewed%3Atrue&format=tsv&fields=accession%2Cid%2Cgene_names%2Cprotein_name%2Clength%2Csequence%2Corganism_name%2Creviewed&size=10;https://rest.uniprot.org/uniprotkb/search?query=gene_exact%3AGM2A+AND+organism_id%3A9606+AND+reviewed%3Atrue&format=tsv&fields=accession%2Cid%2Cgene_names%2Cprotein_name%2Clength%2Csequence%2Corganism_name%2Creviewed&size=10,,low or localized sequence similarity; retain pathway and phenotype evidence separately. Transparent teaching baseline; not calibrated for protein substitution chemistry. Alignment checksum=90ea79dfd706a64d7c9a1bea7c0dc5e8a2484eba9a0fa21bf992f147f8a1b46d.
SIMSEQ:smith_waterman_local_blosum62_affine_v0.2:UNIPROT_P07686__UNIPROT_P17900,UNIPROT:P07686,UNIPROT:P17900,HEXB,GM2A,smith_waterman_local_blosum62_affine_v0.2,BLOSUM62,affine; cost=-(open + extend*gap_length),11,1,29,28.125,9,32,32,32,32,5.755,16.580,5.755,0.000,1.91,15.8,,,,,,,inferred,COMPUTED:SIMSEQ:smith_waterman_local_blosum62_affine_v0.2:UNIPROT_P07686__UNIPROT_P17900,29,smith_waterman_blosum62_affine_raw_score,2026_03,https://rest.uniprot.org/uniprotkb/search?query=gene_exact%3AHEXB+AND+organism_id%3A9606+AND+reviewed%3Atrue&format=tsv&fields=accession%2Cid%2Cgene_names%2Cprotein_name%2Clength%2Csequence%2Corganism_name%2Creviewed&size=10;https://rest.uniprot.org/uniprotkb/search?query=gene_exact%3AGM2A+AND+organism_id%3A9606+AND+reviewed%3Atrue&format=tsv&fields=accession%2Cid%2Cgene_names%2Cprotein_name%2Clength%2Csequence%2Corganism_name%2Creviewed&size=10,https://ftp.ncbi.nlm.nih.gov/blast/matrices/BLOSUM62,E-value 1.9: not distinguishable from chance. low or localized sequence similarity; retain pathway and phenotype evidence separately. BLOSUM62 with NCBI-style affine gaps; raw score is only comparable within this method. Alignment checksum=8acc296d048f17fd492b8f703c763337ddce66fecdb3e4541b72aa7b26ffb588.
