nct_id,official_title,brief_title,overall_status,study_type,phases,conditions,interventions,lead_sponsor,study_start_date,primary_completion_date,completion_date,eligibility_criteria,minimum_age,maximum_age,sex,source_url,retrieved_at
NCT05109793,Prospective Longitudinal Study of Neurological Disease Trajectory in Children Living With Late-Infantile or Juvenile Onset of GM1 or GM2 Gangliosidosis,GM1 and GM2 Gangliosidosis PROspective Neurological Disease TrajectOry Study (PRONTO),COMPLETED,OBSERVATIONAL,,GM1 Gangliosidosis; Sandhoff Disease; Tay-Sachs Disease,,Azafaros B.V.,2022-02-22,2025-09-16,2025-09-16,"Inclusion Criteria:

* Genetically confirmed GM1 Gangliosidosis or genetically confirmed Tay-Sachs or Sandhoff disease
* Onset of neurological symptoms on or after the patient's first birthday
* Achieved 12-month developmental milestones at normal developmental time points as per Principal Investigator's judgement
* Abnormal gait and/or speech disturbance

Exclusion Criteria:

* Patients who have received (within 6 months before screening), are currently receiving or are planned to receive (within the following 6 months) gene therapy, stem cell transplantation, experimental drugs, or any drug, which, in the Investigator´s opinion, may (have) interfere(d) with disease progression",2 Years,20 Years,ALL,https://clinicaltrials.gov/study/NCT05109793,2026-10-03T17:58:14.119878Z
NCT00029965,Natural History of Glycosphingolipid Storage Disorders and Glycoprotein Disorders,Natural History of Glycosphingolipid Storage Disorders and Glycoprotein Disorders,RECRUITING,OBSERVATIONAL,,Neurological Regression; Myoclonus; Cherry Red Spot; Brain Atrophy,,National Human Genome Research Institute (NHGRI),2002-02-06,,,"* INCLUSION CRITERIA:

Any individual with GM1 or GM2 gangliosidosis, sialidosis or galactosialidosis documented by enzyme deficiency or mutation analysis in a CLIA-approved laboratory will be eligible for the study.

EXCLUSION CRITERIA:

There will be no exclusion based on race, gender, or ethnicity; however particular ethnic groups may be overrepresented due to the frequency of the diseases in a specific population (e.g., Ashkenazi Jews in infantile and adult GM2 and Roma ""travelers"" in juvenile GM1). The majority of juvenile subjects will have severely impaired decision-making and even informed assent in older children may not be possible. Children with Morquio B and sialidosis type 1 disease are not expected to be cognitively impaired. The children with Morquio B and sialidosis type 1 ages 7-11 years will be asked to give verbal assent and ages 12-17 years will be asked to give written assent to the protocol. Some subjects who have reached the age of 18 may need to have legally authorized representative (usually their parents) sign consent on their behalf.",1 Day,100 Years,ALL,https://clinicaltrials.gov/study/NCT00029965,2026-10-03T17:58:14.119878Z
NCT07054515,"18-month Double-blind, Randomized, Placebo-controlled, Multicenter, Phase 3 Study to Evaluate the Safety and Efficacy of Oral Nizubaglustat (AZ-3102) in Late-infantile and Juvenile Forms of Niemann-Pick Type C Disease and in Late-infantile and Juvenile-onset Forms of GM1 Gangliosidosis or GM2 Gangliosidosis","A Study to Evaluate the Safety and Efficacy of Oral Nizubaglustat (AZ-3102) in Late-infantile and Juvenile Forms of Niemann-Pick Type C Disease, GM1 Gangliosidosis or GM2 Gangliosidosis",RECRUITING,INTERVENTIONAL,PHASE3,Niemann-Pick Type C Disease; GM1 Gangliosidosis; GM2 Gangliosidosis,DRUG: AZ-3102; DRUG: Placebo,Azafaros B.V.,2025-06-30,2028-05-14,2028-06-14,"Inclusion Criteria:

* Male and female participants, aged 4 years and older with a diagnosis of the late-infantile or juvenile form of NPC disease. Detailed inclusion criteria are presented in the NPC disease-specific subprotocol AZA-001-301-NPC (NCT07082725).
* Male and female participants, aged 4 years and older with a diagnosis of GM1 or GM2 (Tay-Sachs, Sandhoff, or GM2AB variant disease) gangliosidosis of late-infantile/ juvenile onset. Detailed inclusion criteria are presented in the GM1/GM2 gangliosidosis-specific subprotocol AZA-001-301-GMx (NCT07082543).

Exclusion Criteria:

* Detailed exclusion criteria are presented in the NPC disease-specific subprotocol AZA-001-301-NPC
* Detailed exclusion criteria are presented in the GM1/GM2 gangliosidosis-specific subprotocol AZA-001-301-GMx",4 Years,,ALL,https://clinicaltrials.gov/study/NCT07054515,2026-10-03T17:58:14.119878Z
NCT04470713,"Natural History Study for Pediatric Patients With Early Onset of Either GM1 Gangliosidosis, GM2 Gangliosidoses, or Gaucher Disease Type 2","Natural History Study for Pediatric Patients With Early Onset of Either GM1 Gangliosidosis, GM2 Gangliosidoses, or Gaucher Disease Type 2",COMPLETED,OBSERVATIONAL,,"GM1 Gangliosidosis; GM2 Gangliosidosis; Gaucher Disease, Type 2; Tay-Sachs Disease; AB Variant Gangliosidosis GM2; Sandhoff Disease",,Idorsia Pharmaceuticals Ltd.,2019-07-31,2021-10-30,2021-10-30,"Inclusion Criteria:

* Patient with either GM1 gangliosidosis, GM2 gangliosidoses (Tay-Sachs, Sandhoff, or AB Variant), or Gaucher Disease Type 2.
* Diagnosis confirmed by either biochemical (enzyme activity) or genetic testing, or both.
* Date of birth on or after 1 January 2000.
* Onset of first neurological symptom within 24 months of age.
* Informed consent of parent or legal guardian as required by local law.",0 Months,,ALL,https://clinicaltrials.gov/study/NCT04470713,2026-10-03T17:58:14.119878Z
