resource_id,kind,label,short_name,url,disease_ids,overall_status,study_type,lead_sponsor,study_start_date,completion_date,conditions_on_record,checked_on,checked_via,claim
NCT:NCT04395495,Study,RASopathy Biorepository,RASopathy Biorepository,https://clinicaltrials.gov/study/NCT04395495,MONDO:0018997; OMIM:218040; OMIM:615279; OMIM:162200; OMIM:611431,RECRUITING,OBSERVATIONAL,"Children's Hospital Medical Center, Cincinnati",2017-06-27,2065-12 (estimated),"Neurofibromatosis 1; Noonan syndrome; Costello syndrome; cardiofaciocutaneous syndrome; Legius syndrome",2026-10-04,https://classic.clinicaltrials.gov/ct2/show/NCT04395495,"The record names neurofibromatosis 1, Noonan, Costello, cardiofaciocutaneous and Legius syndromes."
NCT:NCT01362803,Study,Selumetinib for children with NF1 plexiform neurofibromas (SPRINT),SPRINT,https://clinicaltrials.gov/study/NCT01362803,OMIM:162200,ACTIVE_NOT_RECRUITING,INTERVENTIONAL,National Cancer Institute (NCI),2011-09-21,2032-01 (estimated),Neurofibromatosis type 1; plexiform neurofibromas,2026-10-04,https://classic.clinicaltrials.gov/ct2/show/NCT01362803,"Phase 1/2 trial of the MEK inhibitor selumetinib in children with NF1 and inoperable plexiform neurofibromas."
NCT:NCT03746522,Study,Setmelanotide in Bardet-Biedl and Alstrom syndrome with obesity,Setmelanotide phase 3,https://clinicaltrials.gov/study/NCT03746522,MONDO:0015229; OMIM:203800,COMPLETED,INTERVENTIONAL,"Rhythm Pharmaceuticals, Inc.",2018-11-23,2021-03-08,Bardet-Biedl syndrome; Alstrom syndrome,2026-10-04,https://classic.clinicaltrials.gov/ct2/show/NCT03746522,"One phase 3 trial enrolled people with Bardet-Biedl syndrome and with Alstrom syndrome."
NCT:NCT02329210,Study,Clinical Registry Investigating Bardet-Biedl Syndrome (CRIBBS),CRIBBS,https://clinicaltrials.gov/study/NCT02329210,MONDO:0015229,RECRUITING,OBSERVATIONAL,Marshfield Clinic Research Foundation,2014-06,2030-12 (estimated),Bardet-Biedl syndrome,2026-10-04,https://classic.clinicaltrials.gov/ct2/show/NCT02329210,"International registry of people with Bardet-Biedl syndrome."
NCT:NCT00068224,Study,Clinical and Molecular Investigations Into Ciliopathies (NIH),NIH ciliopathy study,https://clinicaltrials.gov/study/NCT00068224,MONDO:0018772; MONDO:0015229; MONDO:0018921; OMIM:256100; OMIM:203800,COMPLETED,OBSERVATIONAL,National Human Genome Research Institute (NHGRI),2003-03-16,2021-02-18,"Ciliopathy; the description names nephronophthisis, Joubert syndrome and related disorders, Bardet-Biedl, Meckel-Gruber and Alstrom syndromes",2026-10-04,https://classic.clinicaltrials.gov/ct2/show/NCT00068224,"The study description names Joubert syndrome and related disorders, Bardet-Biedl, Meckel-Gruber, nephronophthisis and Alstrom syndromes."
ORG:RASOPATHIES_NETWORK,Organization,RASopathies Network,RASopathies Network,https://rasopathiesnet.org/,MONDO:0018997; OMIM:151100; OMIM:218040; OMIM:615279; OMIM:162200; OMIM:611431,,,,,,,2026-10-04,https://rasopathiesnet.org/,"Partnership of RASopathies Network USA and UK, serving the RASopathies."
ORG:NOONAN_SYNDROME_FOUNDATION,Organization,Noonan Syndrome Foundation,Noonan Syndrome Foundation,https://www.teamnoonan.org/,MONDO:0018997,,,,,,,2026-10-04,https://www.teamnoonan.org/,"Supports individuals and families affected by Noonan and Noonan-like syndromes."
ORG:CHILDRENS_TUMOR_FOUNDATION,Organization,Children's Tumor Foundation,Children's Tumor Foundation,https://www.ctf.org/,OMIM:162200,,,,,,,2026-10-04,https://www.ctf.org/,"Drug-discovery foundation for neurofibromatosis type 1 and schwannomatosis."
ORG:CFC_INTERNATIONAL,Organization,Cardio Facio Cutaneous Syndrome International,CFC International,https://www.cfcsyndrome.org/,OMIM:615279,,,,,,,2026-10-04,https://www.cfcsyndrome.org/,"Supports families and funds research for CFC syndrome."
ORG:BBS_FOUNDATION,Organization,Bardet Biedl Syndrome Foundation,BBS Foundation,https://www.bardetbiedl.org/,MONDO:0015229,,,,,,,2026-10-04,https://www.bardetbiedl.org/,"Connects families and shares information on research, therapies and care for Bardet-Biedl syndrome."
ORG:JSRDF,Organization,Joubert Syndrome & Related Disorders Foundation,JSRDF,https://jsrdf.org/,MONDO:0018772,,,,,,,2026-10-04,https://jsrdf.org/,"International support network for families affected by Joubert syndrome and related disorders."
ORG:ALSTROM_SYNDROME_INTERNATIONAL,Organization,Alstrom Syndrome International,Alstrom Syndrome International,https://www.alstrom.org/,OMIM:203800,,,,,,,2026-10-04,https://www.alstrom.org/,"Supports research and families affected by Alstrom syndrome."
